Wave (nm),7-Aug,4-Sep-05
350,0.11456,0.10509
351,0.11629,0.10703
352,0.11588,0.10642
353,0.11675,0.1056
354,0.11661,0.10484
355,0.11783,0.10717
356,0.11871,0.10649
357,0.12155,0.10848
358,0.12135,0.10834
359,0.12547,0.11111
360,0.12705,0.11269
361,0.12821,0.11439
362,0.13037,0.11714
363,0.13272,0.11809
364,0.13771,0.12142
365,0.14074,0.12435
366,0.14405,0.12664
367,0.1443,0.12711
368,0.14493,0.12846
369,0.14458,0.12782
370,0.14678,0.12872
371,0.14817,0.1287
372,0.14951,0.12994
373,0.14859,0.12935
374,0.14775,0.12866
375,0.14909,0.12969
376,0.14702,0.12718
377,0.14599,0.12536
378,0.14334,0.12209
379,0.14232,0.122
380,0.14076,0.12048
381,0.14228,0.12105
382,0.14128,0.12016
383,0.14193,0.12057
384,0.1401,0.11909
385,0.14064,0.12014
386,0.13971,0.11841
387,0.14068,0.1184
388,0.14007,0.11721
389,0.14083,0.11813
390,0.14366,0.12039
391,0.14497,0.12113
392,0.14655,0.12256
393,0.14895,0.12446
394,0.1551,0.12929
395,0.1616,0.134
396,0.16924,0.14042
397,0.17562,0.14562
398,0.18456,0.15232
399,0.19347,0.15949
400,0.20432,0.16821
401,0.21151,0.17365
402,0.2181,0.17816
403,0.22595,0.18442
404,0.2308,0.18837
405,0.23522,0.19116
406,0.23498,0.19167
407,0.23703,0.19333
408,0.23675,0.19185
409,0.23958,0.19402
410,0.24029,0.19438
411,0.24444,0.19742
412,0.24522,0.1981
413,0.24781,0.19963
414,0.24754,0.19882
415,0.24751,0.19848
416,0.24945,0.19959
417,0.24856,0.1985
418,0.24972,0.19917
419,0.24791,0.19744
420,0.24897,0.1982
421,0.24762,0.19733
422,0.24738,0.19684
423,0.24564,0.19478
424,0.24547,0.19388
425,0.24108,0.18981
426,0.23751,0.18688
427,0.23291,0.18323
428,0.23198,0.18263
429,0.23132,0.18185
430,0.23074,0.18117
431,0.23371,0.18333
432,0.23539,0.18405
433,0.24031,0.18732
434,0.24281,0.18875
435,0.24931,0.19345
436,0.25336,0.19644
437,0.25886,0.20047
438,0.2618,0.2025
439,0.26731,0.20631
440,0.26984,0.208
441,0.27421,0.21122
442,0.27547,0.21173
443,0.27815,0.21317
444,0.2834,0.21656
445,0.28664,0.21881
446,0.2925,0.22297
447,0.29497,0.22461
448,0.29928,0.22775
449,0.30018,0.22798
450,0.30343,0.23016
451,0.30441,0.23084
452,0.30705,0.23294
453,0.30747,0.23289
454,0.30914,0.23356
455,0.30726,0.23198
456,0.30862,0.23239
457,0.30785,0.23125
458,0.30857,0.23144
459,0.31194,0.23323
460,0.31177,0.23265
461,0.31325,0.23372
462,0.31172,0.23193
463,0.31285,0.23242
464,0.31126,0.23107
465,0.3117,0.23131
466,0.30944,0.22942
467,0.30912,0.22879
468,0.30672,0.22655
469,0.30787,0.22698
470,0.30706,0.22575
471,0.30711,0.22498
472,0.30904,0.22579
473,0.30913,0.22514
474,0.31127,0.22581
475,0.31156,0.225
476,0.3141,0.22624
477,0.31371,0.22545
478,0.31569,0.22629
479,0.31586,0.22604
480,0.31759,0.22718
481,0.31706,0.22704
482,0.31549,0.22619
483,0.31003,0.22249
484,0.30622,0.21991
485,0.30099,0.21604
486,0.29724,0.21325
487,0.29641,0.21254
488,0.29441,0.21098
489,0.29703,0.21224
490,0.29899,0.21313
491,0.30421,0.2167
492,0.30532,0.21719
493,0.30794,0.21861
494,0.30782,0.21808
495,0.30923,0.21898
496,0.30844,0.21807
497,0.30864,0.21774
498,0.30586,0.21527
499,0.30257,0.21243
500,0.30094,0.21071
501,0.29811,0.20793
502,0.29843,0.20738
503,0.29778,0.20617
504,0.2996,0.20667
505,0.29993,0.20662
506,0.30203,0.20772
507,0.30233,0.20764
508,0.30389,0.20854
509,0.30294,0.20778
510,0.30318,0.20789
511,0.30148,0.20664
512,0.29906,0.20474
513,0.297,0.20312
514,0.29205,0.19952
515,0.28754,0.19608
516,0.28289,0.19259
517,0.281,0.19105
518,0.27978,0.18977
519,0.28204,0.19068
520,0.2843,0.19162
521,0.28999,0.19497
522,0.29289,0.19653
523,0.29544,0.19769
524,0.29452,0.19633
525,0.2944,0.19553
526,0.29355,0.1943
527,0.29333,0.19343
528,0.29534,0.19389
529,0.2965,0.19395
530,0.29915,0.19509
531,0.2997,0.19496
532,0.30037,0.19502
533,0.29928,0.19405
534,0.29968,0.19409
535,0.299,0.19349
536,0.29956,0.19377
537,0.29841,0.19296
538,0.29698,0.19184
539,0.29459,0.19004
540,0.2923,0.18827
541,0.29216,0.18776
542,0.29187,0.18709
543,0.29337,0.1876
544,0.29395,0.18762
545,0.29527,0.18805
546,0.29478,0.18744
547,0.2953,0.18754
548,0.29448,0.18669
549,0.29509,0.1867
550,0.29456,0.18604
551,0.29557,0.1864
552,0.29502,0.18578
553,0.29546,0.18575
554,0.2945,0.18473
555,0.29259,0.1831
556,0.29127,0.18185
557,0.28831,0.17952
558,0.28672,0.17798
559,0.28498,0.17628
560,0.28519,0.17572
561,0.28549,0.17517
562,0.2865,0.17513
563,0.28608,0.17422
564,0.2861,0.17358
565,0.28462,0.17202
566,0.28405,0.17099
567,0.28232,0.16919
568,0.28051,0.16721
569,0.27983,0.16596
570,0.27845,0.16428
571,0.279,0.16371
572,0.27915,0.16296
573,0.28028,0.16287
574,0.27988,0.16205
575,0.2794,0.16137
576,0.27767,0.16017
577,0.2773,0.15995
578,0.27705,0.16019
579,0.27854,0.16172
580,0.27963,0.16327
581,0.28124,0.16531
582,0.28316,0.16738
583,0.28334,0.16827
584,0.28332,0.1688
585,0.28063,0.16755
586,0.27767,0.16598
587,0.27293,0.16318
588,0.26844,0.16041
589,0.26474,0.15798
590,0.26377,0.15708
591,0.265,0.15753
592,0.26753,0.15881
593,0.26881,0.15939
594,0.26987,0.15977
595,0.26976,0.15944
596,0.26988,0.15923
597,0.27092,0.15955
598,0.27053,0.159
599,0.27065,0.15879
600,0.26995,0.15813
601,0.27054,0.15829
602,0.27075,0.15827
603,0.2723,0.15913
604,0.27319,0.15974
605,0.27381,0.16026
606,0.27317,0.16006
607,0.27262,0.15991
608,0.2711,0.15926
609,0.26968,0.15864
610,0.26903,0.15846
611,0.26795,0.15806
612,0.26739,0.15799
613,0.26611,0.15747
614,0.26536,0.15716
615,0.2641,0.15656
616,0.26397,0.15663
617,0.26397,0.15676
618,0.26575,0.15793
619,0.26661,0.15851
620,0.2676,0.15913
621,0.26629,0.15815
622,0.26518,0.15735
623,0.2628,0.15578
624,0.26058,0.1542
625,0.25942,0.15285
626,0.25762,0.15087
627,0.25648,0.14904
628,0.25498,0.14749
629,0.25466,0.14726
630,0.25425,0.1476
631,0.25541,0.14931
632,0.25625,0.15079
633,0.25775,0.15262
634,0.25848,0.15378
635,0.25983,0.15531
636,0.2604,0.15636
637,0.26102,0.15737
638,0.26115,0.15794
639,0.26038,0.1579
640,0.25957,0.15778
641,0.25895,0.15781
642,0.25905,0.15822
643,0.25874,0.1583
644,0.25794,0.15805
645,0.25564,0.15676
646,0.2537,0.15563
647,0.25108,0.15402
648,0.25028,0.15362
649,0.24979,0.15346
650,0.25085,0.15426
651,0.25166,0.15492
652,0.25113,0.15479
653,0.24929,0.15386
654,0.24326,0.15028
655,0.23812,0.14704
656,0.23521,0.14522
657,0.23908,0.14788
658,0.24538,0.1521
659,0.25118,0.15589
660,0.25445,0.15797
661,0.25583,0.15897
662,0.25599,0.15919
663,0.25614,0.1594
664,0.25577,0.1593
665,0.25546,0.15925
666,0.25567,0.15951
667,0.25531,0.15942
668,0.25535,0.15952
669,0.25449,0.15908
670,0.25389,0.15882
671,0.25295,0.15833
672,0.25275,0.15833
673,0.25249,0.15829
674,0.25268,0.15844
675,0.2522,0.1582
676,0.2523,0.15834
677,0.25189,0.15819
678,0.25119,0.15783
679,0.25102,0.15778
680,0.2502,0.15727
681,0.24964,0.15691
682,0.24802,0.15585
683,0.24573,0.15425
684,0.23886,0.14895
685,0.22715,0.13842
686,0.21334,0.12545
687,0.20315,0.11471
688,0.20357,0.11444
689,0.20825,0.11874
690,0.21474,0.12594
691,0.21934,0.13223
692,0.22168,0.13641
693,0.22248,0.13881
694,0.22407,0.1405
695,0.22664,0.14262
696,0.22951,0.14478
697,0.23006,0.14523
698,0.22835,0.14412
699,0.22589,0.14253
700,0.224,0.14139
701,0.22393,0.14143
702,0.22537,0.14248
703,0.22734,0.14392
704,0.22911,0.145
705,0.2299,0.14548
706,0.23024,0.1457
707,0.23071,0.14607
708,0.23069,0.14611
709,0.23093,0.1463
710,0.23057,0.1461
711,0.22996,0.14566
712,0.22853,0.14474
713,0.22677,0.1437
714,0.22097,0.14047
715,0.21091,0.13466
716,0.19706,0.12641
717,0.18207,0.11694
718,0.17498,0.11198
719,0.17499,0.11145
720,0.18403,0.11688
721,0.19068,0.12131
722,0.19209,0.12236
723,0.18663,0.11887
724,0.18355,0.11709
725,0.1825,0.11651
726,0.18326,0.11699
727,0.18345,0.11699
728,0.18445,0.11765
729,0.18625,0.11885
730,0.19004,0.12122
731,0.1963,0.12514
732,0.20285,0.12924
733,0.20864,0.13287
734,0.20987,0.13339
735,0.21056,0.13363
736,0.21051,0.13346
737,0.21115,0.13384
738,0.21143,0.134
739,0.21195,0.1343
740,0.21252,0.13461
741,0.21388,0.13536
742,0.21518,0.13611
743,0.21661,0.137
744,0.21694,0.13708
745,0.21726,0.13718
746,0.21736,0.13717
747,0.21675,0.13668
748,0.21592,0.13606
749,0.21468,0.1352
750,0.21401,0.13472
751,0.21381,0.13454
752,0.2139,0.13454
753,0.21395,0.13452
754,0.21348,0.1341
755,0.21215,0.13313
756,0.20961,0.13139
757,0.19548,0.12213
758,0.15873,0.09597
759,0.11248,0.06203
760,0.08001,0.03545
761,0.07954,0.03122
762,0.08837,0.03434
763,0.09769,0.03939
764,0.11852,0.05564
765,0.14192,0.0747
766,0.16638,0.09529
767,0.18304,0.10956
768,0.19356,0.11862
769,0.19976,0.12392
770,0.20224,0.12603
771,0.20368,0.12712
772,0.20429,0.12758
773,0.2045,0.12778
774,0.20425,0.12758
775,0.20423,0.12753
776,0.20457,0.12772
777,0.20382,0.12713
778,0.20339,0.12677
779,0.2031,0.12653
780,0.20317,0.12655
781,0.2029,0.12637
782,0.20242,0.12606
783,0.20134,0.12534
784,0.201,0.12517
785,0.20018,0.12471
786,0.19881,0.12388
787,0.19652,0.12239
788,0.19436,0.12092
789,0.19232,0.1195
790,0.1912,0.11871
791,0.19024,0.11804
792,0.18941,0.11749
793,0.18947,0.11755
794,0.18924,0.11739
795,0.18919,0.11731
796,0.18913,0.1172
797,0.19036,0.11808
798,0.18986,0.1178
799,0.18836,0.11685
800,0.18697,0.11592
801,0.18637,0.11546
802,0.1859,0.11511
803,0.18555,0.11489
804,0.18639,0.1155
805,0.18726,0.11613
806,0.18817,0.11678
807,0.1864,0.11558
808,0.18434,0.11425
809,0.1819,0.11275
810,0.17953,0.11154
811,0.17496,0.10913
812,0.16837,0.10553
813,0.1588,0.10007
814,0.15046,0.09504
815,0.14404,0.09097
816,0.14029,0.08832
817,0.14129,0.08841
818,0.14441,0.08983
819,0.14938,0.09249
820,0.15527,0.09629
821,0.15077,0.09402
822,0.14303,0.08977
823,0.1449,0.09079
824,0.15411,0.09609
825,0.16119,0.10017
826,0.16019,0.09959
827,0.15596,0.09718
828,0.15394,0.09613
829,0.15481,0.09682
830,0.15662,0.09807
831,0.15746,0.09869
832,0.15817,0.09915
833,0.16036,0.10038
834,0.16393,0.10256
835,0.16724,0.10458
836,0.16934,0.10578
837,0.17067,0.10639
838,0.17193,0.10696
839,0.17306,0.10745
840,0.17363,0.10773
841,0.17379,0.10773
842,0.17373,0.10759
843,0.1733,0.10726
844,0.17378,0.1075
845,0.17443,0.10787
846,0.17476,0.10809
847,0.17383,0.10745
848,0.17133,0.10583
849,0.16729,0.10327
850,0.1665,0.10261
851,0.16653,0.10254
852,0.16582,0.10212
853,0.15845,0.09768
854,0.1564,0.09628
855,0.15881,0.09759
856,0.1669,0.10252
857,0.16975,0.10435
858,0.1707,0.10499
859,0.17011,0.10461
860,0.16983,0.10439
861,0.16983,0.1043
862,0.17001,0.10432
863,0.16966,0.10407
864,0.16612,0.10197
865,0.16105,0.09893
866,0.15592,0.09572
867,0.15796,0.09682
868,0.16155,0.09892
869,0.16509,0.1011
870,0.16585,0.10154
871,0.16604,0.10161
872,0.16567,0.10134
873,0.16485,0.10076
874,0.16418,0.10029
875,0.16372,0.09996
876,0.16372,0.09995
877,0.16385,0.09992
878,0.16361,0.09965
879,0.16273,0.09901
880,0.16157,0.09827
881,0.16117,0.09797
882,0.16141,0.09802
883,0.16195,0.09835
884,0.16173,0.09814
885,0.16088,0.09751
886,0.15954,0.09659
887,0.15904,0.09625
888,0.15909,0.09628
889,0.15955,0.09655
890,0.15895,0.09619
891,0.1573,0.09527
892,0.15465,0.09385
893,0.15014,0.09149
894,0.1442,0.08836
895,0.13725,0.08463
896,0.12945,0.0802
897,0.12242,0.07603
898,0.11641,0.07241
899,0.1119,0.06968
900,0.11011,0.0683
901,0.11091,0.06838
902,0.11448,0.07007
903,0.1213,0.07368
904,0.12657,0.07659
905,0.12949,0.07832
906,0.12605,0.07666
907,0.11997,0.07336
908,0.11391,0.07001
909,0.10988,0.06772
910,0.1096,0.06756
911,0.1099,0.06775
912,0.11024,0.068
913,0.10927,0.06758
914,0.10794,0.06689
915,0.1066,0.06613
916,0.10664,0.06613
917,0.10807,0.06701
918,0.11066,0.06854
919,0.11475,0.07077
920,0.11856,0.07275
921,0.12132,0.07417
922,0.12263,0.07483
923,0.12115,0.07402
924,0.11975,0.07326
925,0.11832,0.0725
926,0.11624,0.07148
927,0.11203,0.06949
928,0.10575,0.06652
929,0.09644,0.0621
930,0.08448,0.0559
931,0.072,0.04908
932,0.05962,0.04193
933,0.05007,0.03603
934,0.04264,0.03137
935,0.03751,0.02804
936,0.03614,0.02688
937,0.038,0.02762
938,0.04192,0.02956
939,0.04726,0.03232
940,0.05192,0.03482
941,0.05543,0.03677
942,0.05728,0.0379
943,0.05532,0.03706
944,0.05278,0.03572
945,0.05011,0.03417
946,0.04912,0.03378
947,0.04925,0.034
948,0.05014,0.03461
949,0.05166,0.03555
950,0.05293,0.03638
951,0.05397,0.03708
952,0.05467,0.03757
953,0.05533,0.03808
954,0.05596,0.03861
955,0.05665,0.03922
956,0.05799,0.03992
957,0.05935,0.04064
958,0.06077,0.04143
959,0.06221,0.04237
960,0.06416,0.04356
961,0.06629,0.04482
962,0.06847,0.04606
963,0.07085,0.04717
964,0.0735,0.04853
965,0.07649,0.0502
966,0.08018,0.05223
967,0.08439,0.05433
968,0.08904,0.05654
969,0.0939,0.05893
970,0.09829,0.06111
971,0.102,0.06303
972,0.10435,0.06441
973,0.10462,0.06455
974,0.104,0.06411
975,0.10269,0.06321
976,0.10614,0.11127
977,0.10741,0.1124
978,0.10869,0.11349
979,0.11015,0.11467
980,0.11157,0.11582
981,0.11306,0.11705
982,0.11452,0.11828
983,0.11586,0.11926
984,0.11716,0.12015
985,0.11832,0.12127
986,0.11942,0.12246
987,0.12031,0.12322
988,0.12121,0.12387
989,0.12186,0.12424
990,0.12245,0.12462
991,0.12289,0.12496
992,0.12314,0.12518
993,0.12336,0.12523
994,0.12344,0.1249
995,0.12343,0.12449
996,0.12328,0.12401
997,0.12318,0.12358
998,0.12284,0.12327
999,0.12255,0.12301
1000,0.12229,0.12252
1001,0.12213,0.12213
1002,0.12181,0.12172
1003,0.12153,0.12137
1004,0.1213,0.12102
1005,0.12117,0.12074
1006,0.12107,0.12035
1007,0.12101,0.11986
1008,0.12086,0.11948
1009,0.12072,0.11936
1010,0.12061,0.11919
1011,0.12053,0.11886
1012,0.12048,0.11861
1013,0.12032,0.11846
1014,0.12027,0.1184
1015,0.12016,0.1182
1016,0.12011,0.11805
1017,0.11992,0.1178
1018,0.11979,0.1176
1019,0.11952,0.1172
1020,0.1193,0.11683
1021,0.11906,0.11652
1022,0.11888,0.11629
1023,0.11865,0.11604
1024,0.11847,0.11588
1025,0.11826,0.11561
1026,0.11799,0.1152
1027,0.11778,0.11493
1028,0.11752,0.1147
1029,0.11729,0.11448
1030,0.11707,0.11411
1031,0.11689,0.11376
1032,0.11659,0.11338
1033,0.11634,0.11306
1034,0.11604,0.11268
1035,0.11585,0.11236
1036,0.11555,0.11195
1037,0.11531,0.11164
1038,0.11508,0.11142
1039,0.11483,0.11118
1040,0.11458,0.11101
1041,0.1143,0.11073
1042,0.11407,0.11042
1043,0.11375,0.11006
1044,0.11349,0.10972
1045,0.11315,0.10921
1046,0.11286,0.1088
1047,0.11257,0.10831
1048,0.11225,0.10785
1049,0.11183,0.10749
1050,0.11145,0.10714
1051,0.11107,0.10664
1052,0.11073,0.10619
1053,0.1103,0.10566
1054,0.10986,0.10509
1055,0.10946,0.10462
1056,0.109,0.10415
1057,0.10851,0.10364
1058,0.10802,0.10312
1059,0.10761,0.10269
1060,0.10714,0.10221
1061,0.10679,0.10185
1062,0.10639,0.10147
1063,0.10597,0.10118
1064,0.10547,0.10083
1065,0.10511,0.10058
1066,0.1048,0.10045
1067,0.10441,0.10028
1068,0.10415,0.10028
1069,0.10387,0.10027
1070,0.10362,0.10026
1071,0.10336,0.10024
1072,0.10309,0.10024
1073,0.10273,0.10019
1074,0.1024,0.10021
1075,0.10203,0.10015
1076,0.10164,0.10005
1077,0.10123,0.0999
1078,0.1008,0.09961
1079,0.10034,0.0993
1080,0.09978,0.09892
1081,0.09918,0.09853
1082,0.09857,0.0981
1083,0.09797,0.09762
1084,0.09724,0.09705
1085,0.09656,0.09648
1086,0.09579,0.09577
1087,0.09502,0.09509
1088,0.09411,0.09427
1089,0.09322,0.09345
1090,0.09219,0.09257
1091,0.09112,0.09177
1092,0.0899,0.09077
1093,0.08867,0.08964
1094,0.0874,0.08849
1095,0.08605,0.08737
1096,0.08472,0.08631
1097,0.08328,0.08503
1098,0.08187,0.08382
1099,0.08036,0.08262
1100,0.07886,0.08143
1101,0.07725,0.08007
1102,0.07556,0.07867
1103,0.07366,0.0771
1104,0.07156,0.07533
1105,0.06916,0.07328
1106,0.06661,0.07112
1107,0.06372,0.06868
1108,0.06059,0.0659
1109,0.05724,0.06286
1110,0.05364,0.05959
1111,0.04993,0.05619
1112,0.04612,0.05266
1113,0.04235,0.04908
1114,0.03865,0.04545
1115,0.03522,0.04204
1116,0.03195,0.03872
1117,0.02903,0.03575
1118,0.02634,0.03298
1119,0.02412,0.0307
1120,0.02231,0.02878
1121,0.02096,0.02726
1122,0.01999,0.02613
1123,0.01927,0.02529
1124,0.01887,0.02483
1125,0.01864,0.02452
1126,0.01875,0.02452
1127,0.01906,0.02472
1128,0.01971,0.02527
1129,0.02044,0.02589
1130,0.0213,0.02664
1131,0.02215,0.02739
1132,0.02301,0.0282
1133,0.02386,0.02898
1134,0.0247,0.02981
1135,0.02553,0.03065
1136,0.02621,0.03137
1137,0.02681,0.03205
1138,0.02713,0.03248
1139,0.02734,0.03282
1140,0.02736,0.03295
1141,0.02727,0.03298
1142,0.02713,0.03297
1143,0.027,0.03297
1144,0.02697,0.03303
1145,0.02707,0.03314
1146,0.02734,0.0335
1147,0.02797,0.03427
1148,0.02872,0.03515
1149,0.02977,0.03631
1150,0.03099,0.03764
1151,0.03257,0.03926
1152,0.03433,0.041
1153,0.03642,0.043
1154,0.0386,0.04508
1155,0.04088,0.04723
1156,0.04319,0.0494
1157,0.0454,0.05146
1158,0.04763,0.0535
1159,0.04975,0.05541
1160,0.0519,0.05733
1161,0.05385,0.05897
1162,0.05579,0.06056
1163,0.05744,0.06195
1164,0.05893,0.0632
1165,0.06025,0.06429
1166,0.06137,0.06514
1167,0.06238,0.06589
1168,0.06323,0.06648
1169,0.064,0.06701
1170,0.06449,0.06725
1171,0.06491,0.06745
1172,0.06508,0.06743
1173,0.06527,0.06742
1174,0.06528,0.06718
1175,0.0653,0.06695
1176,0.06527,0.06672
1177,0.06514,0.06642
1178,0.06496,0.06611
1179,0.06472,0.06573
1180,0.06454,0.06541
1181,0.06435,0.06508
1182,0.06438,0.06494
1183,0.06441,0.06478
1184,0.06456,0.06479
1185,0.06471,0.06483
1186,0.06498,0.06498
1187,0.06521,0.06507
1188,0.06547,0.0652
1189,0.06573,0.06531
1190,0.06602,0.06547
1191,0.0663,0.06563
1192,0.06642,0.0656
1193,0.06643,0.06549
1194,0.06634,0.06534
1195,0.0662,0.06513
1196,0.06599,0.06485
1197,0.0658,0.06456
1198,0.06558,0.06425
1199,0.06541,0.06396
1200,0.0652,0.06364
1201,0.06512,0.0634
1202,0.06501,0.06312
1203,0.06508,0.06302
1204,0.0652,0.06297
1205,0.06537,0.063
1206,0.06558,0.06308
1207,0.06582,0.06324
1208,0.06614,0.06348
1209,0.06641,0.06367
1210,0.06675,0.06392
1211,0.06708,0.06411
1212,0.06745,0.06432
1213,0.06777,0.0645
1214,0.06814,0.06476
1215,0.06844,0.06492
1216,0.0688,0.0651
1217,0.06908,0.0652
1218,0.06936,0.06533
1219,0.06966,0.06547
1220,0.06985,0.06554
1221,0.07011,0.06567
1222,0.07028,0.06575
1223,0.07048,0.06586
1224,0.07062,0.06589
1225,0.07084,0.06599
1226,0.07101,0.06611
1227,0.07124,0.06628
1228,0.07144,0.06636
1229,0.07167,0.06647
1230,0.07186,0.0665
1231,0.07204,0.06652
1232,0.07219,0.06654
1233,0.07228,0.0665
1234,0.07232,0.06645
1235,0.07236,0.06639
1236,0.07234,0.06626
1237,0.07227,0.06607
1238,0.07221,0.06591
1239,0.07207,0.06567
1240,0.07197,0.06547
1241,0.07181,0.0652
1242,0.07164,0.0649
1243,0.07141,0.06451
1244,0.07123,0.06413
1245,0.07103,0.06371
1246,0.07075,0.06324
1247,0.07047,0.06279
1248,0.07012,0.06226
1249,0.06979,0.06171
1250,0.06935,0.06104
1251,0.0689,0.06031
1252,0.06834,0.05948
1253,0.06769,0.05854
1254,0.067,0.05756
1255,0.06617,0.05637
1256,0.0653,0.05514
1257,0.06439,0.05386
1258,0.06341,0.05252
1259,0.06237,0.05109
1260,0.06131,0.04963
1261,0.0603,0.04832
1262,0.05935,0.04706
1263,0.05862,0.0461
1264,0.05796,0.0452
1265,0.0575,0.04469
1266,0.0571,0.04426
1267,0.057,0.04424
1268,0.05704,0.04436
1269,0.05737,0.04487
1270,0.05786,0.04557
1271,0.05843,0.04648
1272,0.05908,0.04753
1273,0.05975,0.04866
1274,0.06034,0.04977
1275,0.06097,0.05094
1276,0.06159,0.05212
1277,0.06213,0.05322
1278,0.06256,0.05419
1279,0.06294,0.05509
1280,0.06312,0.05576
1281,0.06333,0.05641
1282,0.06352,0.05692
1283,0.06375,0.05747
1284,0.06385,0.05792
1285,0.06398,0.05838
1286,0.06396,0.05862
1287,0.06394,0.05887
1288,0.06386,0.05901
1289,0.0637,0.05909
1290,0.0635,0.05911
1291,0.06324,0.05908
1292,0.0629,0.05895
1293,0.06249,0.05875
1294,0.06193,0.05841
1295,0.06134,0.05804
1296,0.06075,0.05773
1297,0.06009,0.05735
1298,0.0594,0.0569
1299,0.05868,0.0564
1300,0.05792,0.05586
1301,0.05717,0.05533
1302,0.05631,0.05469
1303,0.05546,0.05408
1304,0.05458,0.05341
1305,0.05371,0.05275
1306,0.05281,0.05206
1307,0.05197,0.05142
1308,0.05106,0.05069
1309,0.05017,0.04995
1310,0.04927,0.0492
1311,0.04843,0.04851
1312,0.04757,0.04782
1313,0.04675,0.0472
1314,0.04603,0.04661
1315,0.04533,0.046
1316,0.04466,0.04544
1317,0.04397,0.04491
1318,0.04328,0.04437
1319,0.04245,0.04369
1320,0.0416,0.04299
1321,0.04063,0.04221
1322,0.03964,0.0414
1323,0.03848,0.04045
1324,0.03733,0.03952
1325,0.036,0.03842
1326,0.03468,0.03736
1327,0.03331,0.03627
1328,0.03199,0.03521
1329,0.0308,0.03423
1330,0.02962,0.03325
1331,0.02877,0.03252
1332,0.02792,0.03179
1333,0.0273,0.03133
1334,0.02666,0.03082
1335,0.026,0.03036
1336,0.02532,0.02986
1337,0.02446,0.02915
1338,0.02359,0.02842
1339,0.02242,0.0274
1340,0.02121,0.02636
1341,0.01964,0.02488
1342,0.01801,0.02333
1343,0.01612,0.02145
1344,0.01421,0.01955
1345,0.01227,0.0174
1346,0.01036,0.01523
1347,0.00862,0.01317
1348,0.00697,0.01119
1349,0.00554,0.00933
1350,0.00424,0.00756
1351,0.0032,0.00606
1352,0.00233,0.00473
1353,0.00167,0.00362
1354,0.00116,0.00267
1355,7.80E-04,0.00195
1356,4.97E-04,0.00142
1357,2.98E-04,9.95E-04
1358,1.82E-04,6.69E-04
1359,1.01E-04,4.35E-04
1360,5.82E-05,3.00E-04
1361,2.28E-05,2.01E-04
1362,2.45E-06,1.47E-04
1363,0,9.80E-05
1364,0,6.47E-05
1365,0,4.61E-05
1366,0,5.35E-05
1367,0,5.81E-05
1368,0,5.61E-05
1369,0,6.76E-05
1370,2.53E-06,9.26E-05
1371,7.42E-06,1.20E-04
1372,1.23E-05,1.60E-04
1373,1.68E-05,1.89E-04
1374,3.55E-06,1.68E-04
1375,0,1.50E-04
1376,0,1.49E-04
1377,1.30E-06,1.48E-04
1378,3.87E-06,1.23E-04
1379,8.51E-06,1.00E-04
1380,5.72E-07,1.44E-04
1381,0,1.88E-04
1382,0,2.28E-04
1383,0,2.67E-04
1384,0,3.06E-04
1385,5.04E-08,3.45E-04
1386,3.77E-06,3.47E-04
1387,8.94E-06,3.48E-04
1388,9.68E-06,3.78E-04
1389,2.28E-05,4.09E-04
1390,2.51E-05,4.47E-04
1391,3.48E-05,4.84E-04
1392,2.69E-05,5.38E-04
1393,1.74E-05,5.95E-04
1394,2.34E-05,6.21E-04
1395,3.25E-05,6.41E-04
1396,3.91E-05,6.75E-04
1397,4.80E-05,7.12E-04
1398,5.31E-05,7.65E-04
1399,5.74E-05,8.25E-04
1400,6.03E-05,8.67E-04
1401,6.27E-05,9.04E-04
1402,7.22E-05,9.89E-04
1403,8.47E-05,0.00109
1404,1.06E-04,0.00119
1405,1.31E-04,0.0013
1406,1.57E-04,0.00142
1407,1.84E-04,0.00155
1408,2.26E-04,0.00173
1409,2.76E-04,0.00194
1410,3.19E-04,0.00214
1411,3.57E-04,0.00234
1412,4.08E-04,0.00257
1413,4.68E-04,0.00282
1414,5.23E-04,0.00309
1415,5.77E-04,0.00336
1416,6.37E-04,0.00363
1417,7.04E-04,0.00389
1418,7.73E-04,0.00414
1419,8.41E-04,0.00438
1420,9.21E-04,0.00464
1421,0.00102,0.00491
1422,0.0011,0.00515
1423,0.00119,0.00537
1424,0.00126,0.00556
1425,0.00132,0.00573
1426,0.00138,0.00587
1427,0.00144,0.00595
1428,0.00149,0.00602
1429,0.00152,0.00604
1430,0.00154,0.00604
1431,0.00155,0.00599
1432,0.00155,0.00595
1433,0.00155,0.00592
1434,0.00155,0.00592
1435,0.00155,0.00595
1436,0.00156,0.00599
1437,0.00158,0.00603
1438,0.0016,0.00611
1439,0.00164,0.00628
1440,0.00169,0.00646
1441,0.00177,0.00669
1442,0.00186,0.00691
1443,0.00197,0.00715
1444,0.00208,0.0074
1445,0.00221,0.00773
1446,0.00235,0.00806
1447,0.00251,0.00845
1448,0.00268,0.00883
1449,0.00288,0.00922
1450,0.00308,0.00961
1451,0.00331,0.01008
1452,0.00354,0.01055
1453,0.00376,0.01109
1454,0.00397,0.01161
1455,0.00416,0.01197
1456,0.00434,0.01231
1457,0.00444,0.0125
1458,0.00453,0.01267
1459,0.00452,0.0126
1460,0.00451,0.01252
1461,0.00439,0.01224
1462,0.00428,0.01196
1463,0.00412,0.01154
1464,0.00397,0.01113
1465,0.00382,0.01074
1466,0.00367,0.01036
1467,0.00358,0.01011
1468,0.00349,0.00986
1469,0.0035,0.00976
1470,0.0035,0.00965
1471,0.00358,0.00976
1472,0.00366,0.00987
1473,0.00384,0.01014
1474,0.00401,0.0104
1475,0.00419,0.01069
1476,0.00437,0.01097
1477,0.00455,0.01125
1478,0.00473,0.01151
1479,0.00497,0.01183
1480,0.00521,0.01215
1481,0.00548,0.01252
1482,0.00575,0.0129
1483,0.00607,0.01332
1484,0.0064,0.01376
1485,0.00678,0.01424
1486,0.00715,0.01473
1487,0.00763,0.01532
1488,0.00812,0.01594
1489,0.00864,0.01657
1490,0.00918,0.01723
1491,0.00969,0.01778
1492,0.01021,0.01832
1493,0.01069,0.01883
1494,0.01118,0.01933
1495,0.01162,0.01973
1496,0.01204,0.02011
1497,0.01244,0.02044
1498,0.01282,0.02075
1499,0.01315,0.021
1500,0.01348,0.02124
1501,0.01376,0.0214
1502,0.01402,0.02156
1503,0.01435,0.02177
1504,0.01467,0.02196
1505,0.01503,0.02224
1506,0.01538,0.02248
1507,0.01574,0.02277
1508,0.0161,0.02306
1509,0.01644,0.0233
1510,0.0168,0.02357
1511,0.01716,0.02383
1512,0.01755,0.02411
1513,0.01786,0.02432
1514,0.01819,0.02456
1515,0.01845,0.02468
1516,0.01874,0.02482
1517,0.01901,0.02495
1518,0.0193,0.02511
1519,0.01958,0.02523
1520,0.01988,0.02537
1521,0.02014,0.0255
1522,0.02043,0.02566
1523,0.02068,0.02573
1524,0.02093,0.0258
1525,0.02118,0.02587
1526,0.02139,0.02591
1527,0.02161,0.02597
1528,0.0218,0.026
1529,0.02202,0.02602
1530,0.02221,0.02601
1531,0.02243,0.02607
1532,0.02262,0.02612
1533,0.0228,0.02613
1534,0.02297,0.02615
1535,0.02318,0.0262
1536,0.02337,0.02624
1537,0.02354,0.02627
1538,0.02373,0.02632
1539,0.02386,0.02637
1540,0.02403,0.02646
1541,0.02419,0.02653
1542,0.02434,0.02661
1543,0.02449,0.02667
1544,0.02467,0.02675
1545,0.02479,0.0268
1546,0.02494,0.02689
1547,0.02507,0.0269
1548,0.0252,0.02694
1549,0.02531,0.02695
1550,0.02541,0.02696
1551,0.0255,0.02702
1552,0.02555,0.02703
1553,0.02564,0.02701
1554,0.02571,0.02697
1555,0.0258,0.02698
1556,0.02584,0.02695
1557,0.02593,0.02694
1558,0.02599,0.02691
1559,0.02604,0.02686
1560,0.02607,0.02679
1561,0.02606,0.02668
1562,0.02604,0.02656
1563,0.026,0.02636
1564,0.02594,0.02615
1565,0.02581,0.02584
1566,0.02568,0.02551
1567,0.02551,0.02516
1568,0.02535,0.02482
1569,0.02518,0.02445
1570,0.02504,0.02412
1571,0.02488,0.02384
1572,0.02477,0.02363
1573,0.02472,0.02347
1574,0.02471,0.02337
1575,0.02473,0.02339
1576,0.02481,0.02347
1577,0.02498,0.02364
1578,0.02514,0.02382
1579,0.02536,0.02408
1580,0.02553,0.0243
1581,0.02572,0.02458
1582,0.0259,0.02482
1583,0.02611,0.02507
1584,0.02629,0.02529
1585,0.02644,0.02552
1586,0.02656,0.02571
1587,0.02665,0.02587
1588,0.02672,0.02597
1589,0.0268,0.02606
1590,0.02683,0.02608
1591,0.02687,0.02609
1592,0.0269,0.02606
1593,0.02688,0.02593
1594,0.02685,0.02579
1595,0.02675,0.02557
1596,0.02669,0.02536
1597,0.0266,0.02509
1598,0.02651,0.02485
1599,0.02636,0.02456
1600,0.02626,0.02433
1601,0.02613,0.02405
1602,0.02603,0.02385
1603,0.02596,0.02372
1604,0.02596,0.02367
1605,0.02599,0.02365
1606,0.02599,0.02364
1607,0.02604,0.0237
1608,0.02611,0.02381
1609,0.02621,0.024
1610,0.02632,0.02416
1611,0.02648,0.02437
1612,0.0266,0.02455
1613,0.02676,0.02477
1614,0.0269,0.02499
1615,0.02705,0.02524
1616,0.02717,0.02542
1617,0.02732,0.02562
1618,0.02742,0.02573
1619,0.02755,0.02588
1620,0.02767,0.026
1621,0.02776,0.02609
1622,0.02784,0.02613
1623,0.02792,0.02617
1624,0.02801,0.02622
1625,0.02804,0.02624
1626,0.02807,0.02626
1627,0.02804,0.02622
1628,0.02802,0.02615
1629,0.02798,0.02605
1630,0.02787,0.02592
1631,0.02775,0.02578
1632,0.02765,0.02565
1633,0.02751,0.0255
1634,0.02736,0.02528
1635,0.02722,0.02509
1636,0.02705,0.02489
1637,0.02693,0.02474
1638,0.02678,0.02455
1639,0.02668,0.02441
1640,0.0266,0.02431
1641,0.02653,0.02421
1642,0.02649,0.02417
1643,0.02648,0.02415
1644,0.02644,0.02412
1645,0.02644,0.02412
1646,0.02646,0.02411
1647,0.02644,0.02409
1648,0.02647,0.02418
1649,0.02646,0.02423
1650,0.02651,0.02428
1651,0.02652,0.02432
1652,0.02656,0.02442
1653,0.02659,0.02448
1654,0.02662,0.02454
1655,0.02664,0.02459
1656,0.02668,0.02466
1657,0.02665,0.02464
1658,0.02664,0.02462
1659,0.02656,0.02454
1660,0.0265,0.02447
1661,0.02642,0.02439
1662,0.02629,0.02427
1663,0.02621,0.02417
1664,0.02609,0.02404
1665,0.02603,0.02397
1666,0.02594,0.02389
1667,0.0259,0.02388
1668,0.02587,0.0239
1669,0.02588,0.02394
1670,0.02585,0.02395
1671,0.02586,0.02403
1672,0.02582,0.02407
1673,0.02581,0.02411
1674,0.0258,0.02413
1675,0.02572,0.02407
1676,0.02568,0.02404
1677,0.02562,0.024
1678,0.02556,0.02397
1679,0.02549,0.02396
1680,0.02543,0.02395
1681,0.02535,0.02385
1682,0.02531,0.0238
1683,0.02525,0.02376
1684,0.02524,0.02376
1685,0.02519,0.02371
1686,0.02515,0.02367
1687,0.02506,0.0236
1688,0.02501,0.0236
1689,0.02496,0.0236
1690,0.02486,0.02357
1691,0.0248,0.02357
1692,0.0247,0.02351
1693,0.02463,0.02347
1694,0.02455,0.02341
1695,0.02447,0.02334
1696,0.02436,0.02321
1697,0.02428,0.0231
1698,0.02419,0.02301
1699,0.02409,0.02292
1700,0.02398,0.02283
1701,0.02389,0.02278
1702,0.02378,0.0227
1703,0.02363,0.02258
1704,0.02351,0.02252
1705,0.02337,0.02245
1706,0.02321,0.02234
1707,0.02305,0.02222
1708,0.02295,0.02221
1709,0.02284,0.02219
1710,0.02278,0.02219
1711,0.02272,0.02219
1712,0.02268,0.02221
1713,0.02262,0.02219
1714,0.02251,0.02214
1715,0.02242,0.02209
1716,0.0223,0.02202
1717,0.02218,0.02195
1718,0.02202,0.0218
1719,0.02184,0.02164
1720,0.02163,0.02152
1721,0.02146,0.02142
1722,0.02127,0.02129
1723,0.02112,0.02117
1724,0.02094,0.021
1725,0.02081,0.02088
1726,0.02067,0.02074
1727,0.02053,0.02063
1728,0.02035,0.02051
1729,0.02016,0.0204
1730,0.01998,0.02032
1731,0.01979,0.02022
1732,0.01963,0.02013
1733,0.01944,0.02001
1734,0.01928,0.01992
1735,0.01909,0.0198
1736,0.01893,0.01971
1737,0.01879,0.01964
1738,0.01868,0.0196
1739,0.01855,0.01952
1740,0.01843,0.01945
1741,0.01832,0.01942
1742,0.01823,0.0194
1743,0.01812,0.01934
1744,0.01802,0.01928
1745,0.01793,0.01926
1746,0.01783,0.01923
1747,0.01776,0.01923
1748,0.01768,0.01919
1749,0.01762,0.01918
1750,0.01755,0.01917
1751,0.01748,0.01916
1752,0.01736,0.01909
1753,0.01724,0.01904
1754,0.01711,0.01897
1755,0.01699,0.01892
1756,0.01681,0.01881
1757,0.01664,0.01868
1758,0.01643,0.01854
1759,0.0162,0.01837
1760,0.01596,0.0182
1761,0.01569,0.01799
1762,0.01544,0.01784
1763,0.01519,0.01769
1764,0.01498,0.01759
1765,0.01477,0.01746
1766,0.01455,0.01728
1767,0.0143,0.01707
1768,0.01405,0.01686
1769,0.01379,0.01663
1770,0.01349,0.01641
1771,0.01317,0.01617
1772,0.01281,0.01585
1773,0.01246,0.01554
1774,0.01209,0.01526
1775,0.01173,0.01497
1776,0.0108,0.00796
1777,0.01057,0.00787
1778,0.01032,0.00779
1779,0.01007,0.00767
1780,0.00975,0.00751
1781,0.00941,0.00736
1782,0.00911,0.00721
1783,0.00887,0.00704
1784,0.00864,0.00688
1785,0.00838,0.00676
1786,0.00808,0.00666
1787,0.00777,0.00648
1788,0.00738,0.00621
1789,0.00692,0.00589
1790,0.00645,0.00558
1791,0.00601,0.00529
1792,0.00562,0.00506
1793,0.00526,0.00489
1794,0.0049,0.00473
1795,0.00447,0.00449
1796,0.00404,0.00419
1797,0.0036,0.00382
1798,0.00322,0.00354
1799,0.00289,0.00331
1800,0.00263,0.00308
1801,0.0024,0.00285
1802,0.00219,0.00268
1803,0.00199,0.00252
1804,0.0018,0.00233
1805,0.00161,0.00217
1806,0.00141,0.00199
1807,0.00124,0.00179
1808,0.00109,0.00163
1809,9.71E-04,0.00152
1810,8.67E-04,0.00141
1811,7.77E-04,0.00131
1812,6.84E-04,0.00122
1813,6.04E-04,0.00112
1814,5.38E-04,0.00102
1815,4.74E-04,9.30E-04
1816,3.99E-04,8.59E-04
1817,3.22E-04,7.81E-04
1818,2.78E-04,7.00E-04
1819,2.50E-04,6.21E-04
1820,2.27E-04,5.46E-04
1821,1.93E-04,4.76E-04
1822,1.49E-04,4.41E-04
1823,1.14E-04,4.08E-04
1824,9.55E-05,3.69E-04
1825,8.69E-05,3.41E-04
1826,8.49E-05,3.10E-04
1827,8.78E-05,2.67E-04
1828,9.05E-05,2.19E-04
1829,8.54E-05,1.52E-04
1830,7.95E-05,8.21E-05
1831,4.26E-05,4.28E-05
1832,7.28E-06,2.28E-05
1833,7.71E-06,2.09E-05
1834,9.46E-06,5.09E-05
1835,2.76E-05,7.34E-05
1836,4.22E-05,6.66E-05
1837,6.16E-05,9.29E-05
1838,7.84E-05,9.64E-05
1839,9.48E-05,7.73E-05
1840,7.39E-05,5.27E-05
1841,3.47E-05,4.33E-05
1842,1.82E-05,3.93E-05
1843,3.67E-06,2.47E-05
1844,1.98E-06,2.08E-05
1845,2.67E-06,4.48E-05
1846,3.09E-05,7.06E-05
1847,2.02E-05,7.68E-05
1848,7.46E-06,7.25E-05
1849,8.02E-06,5.08E-05
1850,9.60E-06,5.44E-05
1851,1.41E-05,7.67E-05
1852,2.85E-05,6.72E-05
1853,6.30E-05,5.31E-05
1854,7.24E-05,4.27E-05
1855,8.48E-05,5.05E-05
1856,7.08E-05,7.23E-05
1857,5.57E-05,9.25E-05
1858,3.85E-05,7.29E-05
1859,1.41E-05,4.90E-05
1860,4.33E-06,5.11E-05
1861,1.94E-05,4.79E-05
1862,3.25E-05,5.07E-05
1863,3.76E-05,3.79E-05
1864,4.84E-05,3.48E-05
1865,3.83E-05,7.69E-06
1866,2.87E-05,0
1867,1.24E-05,0
1868,1.95E-06,2.15E-05
1869,0,4.68E-05
1870,6.23E-06,4.35E-05
1871,2.26E-05,4.31E-05
1872,4.46E-05,3.94E-05
1873,6.71E-05,5.65E-05
1874,6.23E-05,1.83E-05
1875,5.62E-05,2.65E-06
1876,4.33E-05,1.04E-05
1877,2.62E-05,4.15E-05
1878,2.90E-05,6.16E-05
1879,5.04E-05,5.32E-05
1880,6.88E-05,5.93E-05
1881,5.44E-05,8.18E-05
1882,4.13E-05,1.03E-04
1883,4.11E-05,1.06E-04
1884,4.10E-05,1.08E-04
1885,2.64E-05,1.09E-04
1886,1.34E-05,1.12E-04
1887,2.88E-05,1.15E-04
1888,5.42E-05,1.19E-04
1889,6.48E-05,1.21E-04
1890,4.47E-05,1.29E-04
1891,3.52E-05,1.39E-04
1892,3.74E-05,1.55E-04
1893,3.96E-05,1.72E-04
1894,3.37E-05,1.59E-04
1895,2.59E-05,1.42E-04
1896,2.06E-05,1.25E-04
1897,2.55E-05,1.07E-04
1898,3.42E-05,9.00E-05
1899,4.09E-05,8.11E-05
1900,4.58E-05,7.66E-05
1901,4.05E-05,8.92E-05
1902,4.06E-05,1.13E-04
1903,2.99E-05,1.01E-04
1904,2.00E-05,8.87E-05
1905,8.53E-06,9.29E-05
1906,3.79E-06,1.02E-04
1907,7.46E-07,1.02E-04
1908,3.70E-08,9.03E-05
1909,2.91E-06,7.66E-05
1910,2.13E-05,6.43E-05
1911,4.01E-05,5.44E-05
1912,2.53E-05,8.75E-05
1913,1.07E-05,1.24E-04
1914,1.57E-05,1.57E-04
1915,2.56E-05,1.86E-04
1916,4.09E-05,1.88E-04
1917,6.18E-05,1.75E-04
1918,7.11E-05,1.89E-04
1919,6.24E-05,2.36E-04
1920,5.19E-05,2.79E-04
1921,4.04E-05,3.05E-04
1922,3.19E-05,3.29E-04
1923,3.57E-05,3.32E-04
1924,4.06E-05,3.35E-04
1925,2.77E-05,3.52E-04
1926,9.27E-06,3.72E-04
1927,8.21E-06,3.92E-04
1928,2.04E-05,4.13E-04
1929,2.90E-05,4.30E-04
1930,3.61E-05,4.45E-04
1931,4.72E-05,4.58E-04
1932,5.28E-05,4.74E-04
1933,6.21E-05,4.91E-04
1934,6.05E-05,4.76E-04
1935,5.94E-05,4.59E-04
1936,5.96E-05,4.97E-04
1937,6.40E-05,5.63E-04
1938,7.53E-05,6.31E-04
1939,8.44E-05,6.81E-04
1940,8.64E-05,7.10E-04
1941,6.20E-05,7.09E-04
1942,4.06E-05,7.06E-04
1943,4.41E-05,7.01E-04
1944,5.41E-05,6.94E-04
1945,7.21E-05,6.92E-04
1946,8.79E-05,6.87E-04
1947,8.43E-05,6.84E-04
1948,7.14E-05,6.86E-04
1949,6.43E-05,6.86E-04
1950,5.67E-05,6.71E-04
1951,5.00E-05,6.51E-04
1952,7.59E-05,6.59E-04
1953,1.01E-04,6.70E-04
1954,1.20E-04,6.83E-04
1955,1.38E-04,6.92E-04
1956,1.60E-04,7.23E-04
1957,1.77E-04,7.59E-04
1958,1.94E-04,8.08E-04
1959,2.12E-04,8.64E-04
1960,2.35E-04,9.37E-04
1961,2.62E-04,0.00102
1962,2.88E-04,0.0011
1963,3.12E-04,0.00121
1964,3.37E-04,0.00133
1965,3.67E-04,0.00146
1966,3.96E-04,0.0016
1967,4.30E-04,0.00172
1968,4.64E-04,0.00183
1969,4.83E-04,0.00196
1970,5.01E-04,0.0021
1971,5.20E-04,0.00221
1972,5.39E-04,0.00233
1973,5.65E-04,0.00246
1974,6.12E-04,0.0026
1975,6.59E-04,0.00274
1976,6.98E-04,0.00284
1977,7.36E-04,0.00294
1978,7.80E-04,0.00302
1979,8.27E-04,0.0031
1980,8.62E-04,0.00316
1981,8.83E-04,0.0032
1982,8.98E-04,0.00325
1983,9.00E-04,0.00328
1984,9.12E-04,0.00333
1985,9.28E-04,0.00333
1986,9.43E-04,0.00333
1987,9.47E-04,0.00326
1988,9.50E-04,0.00318
1989,9.21E-04,0.00309
1990,8.87E-04,0.00299
1991,8.43E-04,0.00282
1992,7.96E-04,0.00261
1993,7.56E-04,0.0024
1994,7.07E-04,0.00217
1995,6.56E-04,0.00193
1996,6.07E-04,0.00171
1997,5.61E-04,0.0015
1998,5.14E-04,0.00129
1999,4.64E-04,0.00108
2000,4.25E-04,8.95E-04
2001,3.94E-04,7.29E-04
2002,3.63E-04,6.17E-04
2003,3.44E-04,5.33E-04
2004,3.39E-04,4.88E-04
2005,3.36E-04,4.55E-04
2006,3.39E-04,4.34E-04
2007,3.42E-04,4.44E-04
2008,3.48E-04,4.50E-04
2009,3.71E-04,4.75E-04
2010,4.00E-04,5.14E-04
2011,4.46E-04,5.60E-04
2012,5.01E-04,6.01E-04
2013,5.54E-04,7.09E-04
2014,6.11E-04,8.43E-04
2015,6.77E-04,9.69E-04
2016,7.38E-04,0.00112
2017,8.03E-04,0.00127
2018,8.70E-04,0.00142
2019,9.48E-04,0.0016
2020,0.00105,0.00182
2021,0.00116,0.00205
2022,0.00126,0.00227
2023,0.00138,0.00247
2024,0.00149,0.00265
2025,0.00161,0.00283
2026,0.0017,0.00299
2027,0.00179,0.00311
2028,0.00188,0.00321
2029,0.00196,0.0033
2030,0.00205,0.00339
2031,0.00211,0.00347
2032,0.00216,0.00355
2033,0.0022,0.00362
2034,0.00223,0.00368
2035,0.00224,0.00369
2036,0.00226,0.00369
2037,0.00227,0.00366
2038,0.00229,0.00361
2039,0.0023,0.00354
2040,0.0023,0.0035
2041,0.0023,0.00344
2042,0.00228,0.00337
2043,0.00225,0.00326
2044,0.00221,0.00313
2045,0.00216,0.00298
2046,0.00211,0.00283
2047,0.00205,0.00269
2048,0.00199,0.00257
2049,0.00194,0.00246
2050,0.00191,0.00236
2051,0.00187,0.00227
2052,0.00184,0.0022
2053,0.00184,0.00213
2054,0.00184,0.00207
2055,0.00187,0.00206
2056,0.00189,0.00207
2057,0.00191,0.00211
2058,0.00193,0.00216
2059,0.00196,0.00219
2060,0.00199,0.00223
2061,0.00203,0.00225
2062,0.00207,0.00226
2063,0.00212,0.00228
2064,0.00218,0.00231
2065,0.00223,0.00235
2066,0.00229,0.00244
2067,0.00233,0.00254
2068,0.00239,0.00266
2069,0.00248,0.00277
2070,0.00259,0.00291
2071,0.00268,0.00302
2072,0.00277,0.00313
2073,0.00286,0.00325
2074,0.00296,0.00338
2075,0.00307,0.0035
2076,0.00319,0.00357
2077,0.0033,0.00365
2078,0.00337,0.00372
2079,0.00345,0.00379
2080,0.00352,0.00385
2081,0.00359,0.0039
2082,0.00364,0.00396
2083,0.00369,0.00403
2084,0.00372,0.00408
2085,0.00377,0.00416
2086,0.00382,0.00422
2087,0.00387,0.00428
2088,0.00392,0.00432
2089,0.00397,0.00435
2090,0.00402,0.00435
2091,0.00405,0.00437
2092,0.00408,0.0044
2093,0.00411,0.00443
2094,0.00415,0.00448
2095,0.00418,0.00453
2096,0.00423,0.00458
2097,0.00426,0.00461
2098,0.00431,0.00463
2099,0.00435,0.00463
2100,0.0044,0.00462
2101,0.00446,0.00461
2102,0.00451,0.00463
2103,0.00455,0.00467
2104,0.00457,0.00469
2105,0.0046,0.00473
2106,0.0046,0.00474
2107,0.00462,0.00473
2108,0.00465,0.00473
2109,0.00468,0.00473
2110,0.00472,0.00474
2111,0.00475,0.00476
2112,0.00478,0.00478
2113,0.00479,0.00479
2114,0.0048,0.00479
2115,0.00483,0.0048
2116,0.00486,0.0048
2117,0.00489,0.00482
2118,0.00491,0.00484
2119,0.00492,0.00485
2120,0.00493,0.00487
2121,0.00496,0.0049
2122,0.00503,0.00494
2123,0.00506,0.00496
2124,0.0051,0.005
2125,0.00513,0.00503
2126,0.00517,0.00505
2127,0.00521,0.00506
2128,0.00525,0.00509
2129,0.00529,0.00511
2130,0.00534,0.00512
2131,0.00539,0.00513
2132,0.00543,0.00515
2133,0.00546,0.00517
2134,0.00548,0.00519
2135,0.00549,0.0052
2136,0.0055,0.00521
2137,0.0055,0.00523
2138,0.0055,0.00521
2139,0.0055,0.0052
2140,0.0055,0.00518
2141,0.0055,0.00515
2142,0.0055,0.00515
2143,0.0055,0.00517
2144,0.00551,0.00517
2145,0.00551,0.00514
2146,0.00551,0.0051
2147,0.00552,0.00507
2148,0.0055,0.00503
2149,0.00549,0.005
2150,0.00549,0.00497
2151,0.00547,0.00493
2152,0.00545,0.00493
2153,0.00544,0.00495
2154,0.00544,0.00495
2155,0.00544,0.00495
2156,0.00543,0.00493
2157,0.00542,0.00491
2158,0.00542,0.00492
2159,0.00541,0.00491
2160,0.00539,0.00488
2161,0.00538,0.00483
2162,0.00536,0.00479
2163,0.00537,0.00478
2164,0.00539,0.00477
2165,0.00542,0.00476
2166,0.00544,0.00476
2167,0.00548,0.00477
2168,0.00551,0.00478
2169,0.00553,0.00481
2170,0.00556,0.00485
2171,0.00558,0.00487
2172,0.00561,0.0049
2173,0.00562,0.0049
2174,0.00565,0.00492
2175,0.00564,0.0049
2176,0.00561,0.00487
2177,0.00556,0.00485
2178,0.00554,0.00486
2179,0.00551,0.00488
2180,0.0055,0.00491
2181,0.00548,0.00491
2182,0.00547,0.00493
2183,0.00547,0.00495
2184,0.00547,0.00497
2185,0.00546,0.00497
2186,0.00547,0.00496
2187,0.00551,0.00494
2188,0.00553,0.00492
2189,0.00554,0.0049
2190,0.00554,0.00488
2191,0.00553,0.00489
2192,0.00552,0.00488
2193,0.00552,0.00484
2194,0.00549,0.00476
2195,0.00545,0.00467
2196,0.00542,0.0046
2197,0.00538,0.00454
2198,0.00535,0.0045
2199,0.00536,0.00452
2200,0.00536,0.00456
2201,0.00538,0.00458
2202,0.00541,0.00465
2203,0.00544,0.00471
2204,0.00549,0.00474
2205,0.00554,0.00477
2206,0.0056,0.00483
2207,0.00563,0.00487
2208,0.00564,0.00492
2209,0.00566,0.00495
2210,0.00567,0.00497
2211,0.00566,0.00499
2212,0.00567,0.00499
2213,0.00566,0.00497
2214,0.00566,0.00497
2215,0.00568,0.00499
2216,0.00569,0.00499
2217,0.00568,0.00498
2218,0.00567,0.00498
2219,0.00565,0.00498
2220,0.00564,0.00497
2221,0.00563,0.00496
2222,0.00561,0.00495
2223,0.00559,0.00493
2224,0.00558,0.0049
2225,0.00556,0.00489
2226,0.00555,0.00486
2227,0.00554,0.00481
2228,0.00552,0.00475
2229,0.0055,0.0047
2230,0.00548,0.00469
2231,0.00545,0.00469
2232,0.00544,0.0047
2233,0.00542,0.00466
2234,0.0054,0.00463
2235,0.00537,0.0046
2236,0.00534,0.00456
2237,0.00531,0.00453
2238,0.00527,0.0045
2239,0.00523,0.00448
2240,0.00521,0.00444
2241,0.0052,0.00439
2242,0.00519,0.00435
2243,0.00519,0.00434
2244,0.00518,0.0043
2245,0.00515,0.00428
2246,0.00512,0.00431
2247,0.00509,0.00434
2248,0.00504,0.00434
2249,0.00501,0.00432
2250,0.00498,0.00427
2251,0.00494,0.00422
2252,0.00489,0.00419
2253,0.00486,0.0042
2254,0.00482,0.00418
2255,0.00476,0.00415
2256,0.00472,0.00412
2257,0.00469,0.00409
2258,0.00468,0.00404
2259,0.00464,0.00399
2260,0.00461,0.00398
2261,0.00458,0.00396
2262,0.00454,0.00393
2263,0.00449,0.00391
2264,0.00448,0.0039
2265,0.00445,0.00387
2266,0.00443,0.00384
2267,0.00444,0.00382
2268,0.00444,0.00383
2269,0.00444,0.00382
2270,0.00446,0.00379
2271,0.00447,0.0038
2272,0.00449,0.00381
2273,0.00448,0.00382
2274,0.00444,0.00384
2275,0.0044,0.00386
2276,0.00435,0.00387
2277,0.00428,0.00387
2278,0.00419,0.00384
2279,0.00413,0.0038
2280,0.00409,0.00376
2281,0.00408,0.00374
2282,0.00406,0.00373
2283,0.00406,0.00372
2284,0.00405,0.00371
2285,0.00402,0.00368
2286,0.00398,0.00362
2287,0.00394,0.00355
2288,0.00388,0.00349
2289,0.00382,0.00342
2290,0.00376,0.00337
2291,0.0037,0.00331
2292,0.00367,0.00325
2293,0.00364,0.00324
2294,0.00359,0.00323
2295,0.00358,0.00323
2296,0.00356,0.00327
2297,0.00356,0.00331
2298,0.00357,0.0033
2299,0.00356,0.00331
2300,0.00353,0.0033
2301,0.00354,0.00329
2302,0.00356,0.00333
2303,0.00358,0.00336
2304,0.00358,0.00338
2305,0.00357,0.00343
2306,0.00355,0.00348
2307,0.00353,0.00351
2308,0.00351,0.00354
2309,0.00346,0.00352
2310,0.00342,0.0035
2311,0.00336,0.00343
2312,0.00327,0.00333
2313,0.0032,0.00324
2314,0.00314,0.00317
2315,0.00307,0.0031
2316,0.00303,0.00308
2317,0.003,0.00311
2318,0.00298,0.00311
2319,0.00294,0.00309
2320,0.0029,0.00311
2321,0.00289,0.00312
2322,0.00288,0.00314
2323,0.00288,0.00315
2324,0.00291,0.00316
2325,0.00297,0.00316
2326,0.00301,0.00314
2327,0.00301,0.00316
2328,0.00297,0.00324
2329,0.00291,0.00329
2330,0.00285,0.00326
2331,0.00279,0.0032
2332,0.00275,0.00312
2333,0.00273,0.00302
2334,0.00269,0.0029
2335,0.00267,0.00283
2336,0.00263,0.00279
2337,0.00257,0.00274
2338,0.00252,0.00271
2339,0.00245,0.0027
2340,0.00239,0.00267
2341,0.00232,0.00262
2342,0.00225,0.00257
2343,0.0022,0.00255
2344,0.00214,0.00256
2345,0.00209,0.00253
2346,0.00206,0.00248
2347,0.00205,0.00243
2348,0.00205,0.0024
2349,0.00202,0.00237
2350,0.00202,0.00238
2351,0.00203,0.00242
2352,0.00202,0.00249
2353,0.00202,0.00261
2354,0.002,0.00267
2355,0.00201,0.00265
2356,0.00202,0.0026
2357,0.002,0.00257
2358,0.00198,0.00258
2359,0.00196,0.00261
2360,0.00193,0.00266
2361,0.0019,0.0027
2362,0.00189,0.00268
2363,0.00189,0.00257
2364,0.00189,0.00249
2365,0.00186,0.00247
2366,0.00174,0.00247
2367,0.0016,0.00248
2368,0.00153,0.00242
2369,0.00154,0.00228
2370,0.00152,0.00217
2371,0.00146,0.00211
2372,0.00143,0.00211
2373,0.00142,0.0021
2374,0.00139,0.00206
2375,0.00137,0.00203
2376,0.00137,0.00203
2377,0.0014,0.00207
2378,0.00139,0.00207
2379,0.00132,0.00209
2380,0.00127,0.00215
2381,0.00122,0.00218
2382,0.00118,0.00213
2383,0.00117,0.0021
2384,0.00118,0.00211
2385,0.00119,0.00211
2386,0.00118,0.00207
2387,0.00125,0.00206
2388,0.00131,0.00215
2389,0.0013,0.00227
2390,0.00128,0.00232
2391,0.00125,0.0023
2392,0.0012,0.00223
2393,0.00118,0.00223
2394,0.00118,0.00229
2395,0.00121,0.00233
2396,0.00124,0.00233
2397,0.0012,0.00228
2398,0.00119,0.00226
2399,0.0012,0.00233
2400,0.0012,0.00241
2401,0.00115,0.00241
2402,0.00108,0.00236
2403,9.95E-04,0.00222
2404,9.24E-04,0.00209
2405,9.02E-04,0.00206
2406,8.85E-04,0.00204
2407,8.55E-04,0.00202
2408,8.38E-04,0.00201
2409,8.18E-04,0.00195
2410,8.02E-04,0.00185
2411,8.11E-04,0.00178
2412,8.19E-04,0.0018
2413,8.13E-04,0.00184
2414,7.72E-04,0.00188
2415,7.42E-04,0.00192
2416,7.48E-04,0.00192
2417,7.51E-04,0.00191
2418,7.63E-04,0.0019
2419,7.52E-04,0.00192
2420,7.08E-04,0.00198
2421,7.08E-04,0.00202
2422,7.07E-04,0.00207
2423,6.79E-04,0.00219
2424,6.88E-04,0.00232
2425,6.84E-04,0.00224
2426,6.58E-04,0.002
2427,6.47E-04,0.00189
2428,6.23E-04,0.00181
2429,6.43E-04,0.00167
2430,6.86E-04,0.00163
2431,6.88E-04,0.00159
2432,6.82E-04,0.00152
2433,6.64E-04,0.00144
2434,6.47E-04,0.00141
2435,6.46E-04,0.0015
2436,6.88E-04,0.00162
2437,6.68E-04,0.00171
2438,6.27E-04,0.00182
2439,6.89E-04,0.0018
2440,6.63E-04,0.00175
2441,6.04E-04,0.00181
2442,6.08E-04,0.00187
2443,5.67E-04,0.00186
2444,5.48E-04,0.00181
2445,6.03E-04,0.0017
2446,6.02E-04,0.00161
2447,4.42E-04,0.00159
2448,3.67E-04,0.00146
2449,3.92E-04,0.00138
2450,3.67E-04,0.00142
2451,3.95E-04,0.00151
2452,4.13E-04,0.00163
2453,3.54E-04,0.00166
2454,2.69E-04,0.00159
2455,2.59E-04,0.00171
2456,3.06E-04,0.0018
2457,3.80E-04,0.0017
2458,5.36E-04,0.00173
2459,6.93E-04,0.00178
2460,6.76E-04,0.00183
2461,5.12E-04,0.00182
2462,3.44E-04,0.00167
2463,2.65E-04,0.00154
2464,2.76E-04,0.00158
2465,2.60E-04,0.00167
2466,1.95E-04,0.00162
2467,2.11E-04,0.00163
2468,2.70E-04,0.00175
2469,3.78E-04,0.00181
2470,3.92E-04,0.00183
2471,4.27E-04,0.00181
2472,5.23E-04,0.00172
2473,4.89E-04,0.00166
2474,3.99E-04,0.00171
2475,2.48E-04,0.00151
2476,1.28E-04,0.00114
2477,1.09E-04,9.43E-04
2478,2.09E-04,7.68E-04
2479,3.96E-04,6.36E-04
2480,4.81E-04,6.27E-04
2481,3.47E-04,5.60E-04
2482,2.65E-04,4.07E-04
2483,2.10E-04,2.74E-04
2484,1.57E-04,1.41E-04
2485,7.24E-05,1.66E-04
2486,7.54E-05,3.52E-04
2487,4.22E-05,6.04E-04
2488,0,8.49E-04
2489,3.23E-05,9.75E-04
2490,7.63E-05,0.00102
2491,1.08E-04,0.001
2492,2.17E-04,9.42E-04
2493,3.11E-04,7.35E-04
2494,3.51E-04,5.10E-04
2495,2.76E-04,4.65E-04
2496,2.70E-04,4.73E-04
2497,2.11E-04,4.94E-04
2498,1.92E-04,5.81E-04
2499,2.21E-04,4.71E-04
2500,2.51E-04,3.42E-04